{
    "state": {
    "mean": [
        0.10181451588869095,
        -0.07522989809513092,
        0.08721870183944702,
        -0.043837640434503555,
        0.5689880847930908,
        -0.3984224200248718,
        0.5406246185302734,
        0.10061495751142502,
        0.07255484908819199,
        0.0821458175778389,
        0.09122207015752792,
        0.5525978803634644,
        0.4004261791706085,
        0.5730471014976501
    ],
    "std": [
        0.10149481147527695,
        0.07686066627502441,
        0.06939283758401871,
        0.29944366216659546,
        0.3428185284137726,
        0.32353493571281433,
        1.0239145755767822,
        0.10507069528102875,
        0.07969839870929718,
        0.06518906354904175,
        0.3030865788459778,
        0.3163135051727295,
        0.3266836702823639,
        0.9779536128044128
    ],
    "q01": [
        -0.06103170022964477,
        -0.3156276220738888,
        -0.07517669159173965,
        -0.6720346029281616,
        -0.13109492902755737,
        -1.2749574409008027,
        0.04902395059466361,
        -0.07223961343765259,
        -0.07560742073059083,
        -0.049164023256301884,
        -1.2522692394256592,
        -0.114798679125309,
        -0.2593143256187438,
        0.047446150970458956
    ],
    "q99": [
        0.38288964798450464,
        0.06229897240996363,
        0.2289173192083836,
        1.2726822578430177,
        1.3182873714447023,
        0.2953415745258332,
        4.488895026651025,
        0.383673741054535,
        0.29494958452582354,
        0.22821147723197938,
        0.7600537290573119,
        1.3031164222240448,
        1.3202719041824347,
        4.132113122940063
    ]
    },
    "actions": {
    "mean": [
        0.10121634602546692,
        -0.07455582916736603,
        0.08494479954242706,
        -0.04214777424931526,
        0.5614028573036194,
        -0.3917014002799988,
        0.538264811038971,
        0.10015299171209335,
        0.0718868225812912,
        0.07977055013179779,
        0.08860505372285843,
        0.545348584651947,
        0.39336729049682617,
        0.572349488735199
    ],
    "std": [
        0.10181619226932526,
        0.07727347314357758,
        0.07016318291425705,
        0.29785674810409546,
        0.34845876693725586,
        0.3269426226615906,
        1.0216294527053833,
        0.10530415177345276,
        0.08007743209600449,
        0.06593234091997147,
        0.30157670378685,
        0.3221013844013214,
        0.330508828163147,
        0.9772167205810547
    ],
    "q01": [
        -0.06075809693336487,
        -0.3156276220738888,
        -0.07517669159173965,
        -0.6708115105628965,
        -0.1234576686620712,
        -1.2737229290962218,
        0.04902395059466361,
        -0.07196025476455686,
        -0.07560742073059083,
        -0.04906552343368531,
        -1.2522692394256592,
        -0.10723646525144576,
        -0.2593143256187438,
        0.047446150970458956
    ],
    "q99": [
        0.38302644963264465,
        0.06229897240996363,
        0.2288194453716278,
        1.2739053502082829,
        1.3178630792021753,
        0.2953415745258332,
        4.488895026651025,
        0.3835340617179871,
        0.29494958452582354,
        0.22830997705459594,
        0.7600537290573119,
        1.3026962992310525,
        1.3190886935234074,
        4.131088369560241
    ]
    }
  }